{
	"credit": "Made with Blockbench",
	"textures": {
		"0": "block/barrel_side",
		"1": "block/birch_door_top",
		"particle": "block/barrel_side"
	},
	"elements": [
		{
			"from": [0, 0, 2],
			"to": [16, 0.75, 14],
			"rotation": {"angle": 0, "axis": "y", "origin": [8, 8, 11]},
			"faces": {
				"north": {"uv": [0, 2, 16, 11], "texture": "#0"},
				"east": {"uv": [0, 9, 16, 10], "texture": "#0"},
				"south": {"uv": [0, 7, 16, 8], "texture": "#0"},
				"west": {"uv": [0, 10, 16, 11], "texture": "#0"},
				"up": {"uv": [0, 5, 16, 11], "texture": "#0"},
				"down": {"uv": [0, 5, 16, 13], "texture": "#0"}
			}
		},
		{
			"from": [0, 3, 2],
			"to": [16, 3.75, 14],
			"rotation": {"angle": 0, "axis": "y", "origin": [8, 11, 11]},
			"faces": {
				"north": {"uv": [0, 2, 16, 11], "texture": "#0"},
				"east": {"uv": [0, 2, 16, 3], "texture": "#0"},
				"south": {"uv": [0, 10, 16, 11], "texture": "#0"},
				"west": {"uv": [0, 6, 16, 7], "texture": "#0"},
				"up": {"uv": [0, 3, 16, 11], "texture": "#0"},
				"down": {"uv": [0, 5, 16, 11], "texture": "#0"}
			}
		},
		{
			"from": [0, -0.1, 1.25],
			"to": [16, 3.85, 2],
			"rotation": {"angle": 0, "axis": "x", "origin": [8, 3.125, 1.5]},
			"faces": {
				"north": {"uv": [0, 0, 16, 3], "rotation": 180, "texture": "#0"},
				"east": {"uv": [0, 0, 1, 3], "rotation": 180, "texture": "#0"},
				"south": {"uv": [0, 0, 16, 3], "rotation": 180, "texture": "#0"},
				"west": {"uv": [0, 0, 1, 3], "rotation": 180, "texture": "#0"},
				"up": {"uv": [0, 0, 16, 1], "rotation": 180, "texture": "#0"},
				"down": {"uv": [0, 0, 16, 1], "rotation": 180, "texture": "#0"}
			}
		},
		{
			"from": [0.5, 0.75, 2],
			"to": [15.5, 3, 13.5],
			"rotation": {"angle": 0, "axis": "y", "origin": [9, 9, 10]},
			"faces": {
				"north": {"uv": [0, 0, 15, 2.25], "texture": "#1"},
				"east": {"uv": [3, 5, 12, 7], "texture": "#1"},
				"south": {"uv": [4, 3, 13, 5], "texture": "#1"},
				"west": {"uv": [3, 3, 13, 5], "texture": "#1"},
				"up": {"uv": [0, 0, 15, 11.5], "texture": "#1"},
				"down": {"uv": [0, 0, 15, 11.5], "texture": "#1"}
			}
		}
	],
	"display": {
		"thirdperson_righthand": {
			"rotation": [0.25, -180, -90],
			"translation": [-3.25, -1.75, -1.75],
			"scale": [0.55, 0.55, 0.55]
		},
		"thirdperson_lefthand": {
			"rotation": [1, -180, -90],
			"translation": [-3.25, -1.75, -1.75],
			"scale": [0.55, 0.55, 0.55]
		},
		"firstperson_righthand": {
			"rotation": [6.5, -175.75, 88.25],
			"translation": [2, 0.25, 0],
			"scale": [0.6, 0.6, 0.6]
		},
		"firstperson_lefthand": {
			"rotation": [6.25, -180, 88],
			"translation": [2.75, 0.25, 0],
			"scale": [0.6, 0.6, 0.6]
		},
		"ground": {
			"rotation": [90, 45, 0],
			"translation": [0, 4.25, 3.25],
			"scale": [0.5, 0.5, 0.5]
		},
		"gui": {
			"rotation": [90, 90, 0],
			"translation": [0.25, -0.25, 0],
			"scale": [0.75, 0.75, 0.75]
		},
		"head": {
			"rotation": [0, -89.75, 0],
			"translation": [-0.25, 14.25, 0.5]
		},
		"fixed": {
			"rotation": [-90, -90, 0],
			"translation": [-0.5, -0.25, -5.75],
			"scale": [0.75, 0.75, 0.75]
		}
	},
	"groups": [
		{
			"name": "outside",
			"origin": [8, 3.125, 1.5],
			"children": [0, 1, 2]
		},
		{
			"name": "inside",
			"origin": [9, 9, 10],
			"children": [3]
		}
	]
}