{
	"credit": "Made with Blockbench",
	"parent": "block/block",
	"texture_size": [32, 32],
	"textures": {
		"2": "block/anvil_top",
		"3": "entity/lead_knot",
		"particle": "block/anvil",
		"body": "block/anvil"
	},
	"elements": [
		{
			"name": "Anvil base",
			"from": [2, 0, 2],
			"to": [14, 4, 14],
			"faces": {
				"north": {"uv": [2, 12, 14, 16], "texture": "#body"},
				"east": {"uv": [4, 2, 0, 14], "rotation": 270, "texture": "#body"},
				"south": {"uv": [2, 12, 14, 16], "texture": "#body"},
				"west": {"uv": [0, 2, 4, 14], "rotation": 90, "texture": "#body"},
				"up": {"uv": [2, 2, 14, 14], "rotation": 180, "texture": "#body"},
				"down": {"uv": [2, 2, 14, 14], "rotation": 180, "texture": "#body", "cullface": "down"}
			}
		},
		{
			"name": "Lower narrow portion",
			"from": [4, 4, 3],
			"to": [12, 5, 13],
			"faces": {
				"north": {"uv": [4, 11, 12, 12], "texture": "#body"},
				"east": {"uv": [5, 3, 4, 13], "rotation": 270, "texture": "#body"},
				"south": {"uv": [4, 11, 12, 12], "texture": "#body"},
				"west": {"uv": [4, 3, 5, 13], "rotation": 90, "texture": "#body"},
				"up": {"uv": [4, 3, 12, 13], "rotation": 180, "texture": "#body"}
			}
		},
		{
			"name": "Wider section beneath top portion",
			"from": [6, 5, 4],
			"to": [10, 10, 12],
			"faces": {
				"north": {"uv": [6, 6, 10, 11], "texture": "#body"},
				"east": {"uv": [10, 4, 5, 12], "rotation": 270, "texture": "#body"},
				"south": {"uv": [6, 6, 10, 11], "texture": "#body"},
				"west": {"uv": [5, 4, 10, 12], "rotation": 90, "texture": "#body"}
			}
		},
		{
			"name": "Anvil top",
			"from": [3, 10, 0],
			"to": [13, 16, 16],
			"faces": {
				"north": {"uv": [3, 0, 13, 6], "texture": "#body"},
				"east": {"uv": [16, 0, 10, 16], "rotation": 270, "texture": "#body"},
				"south": {"uv": [3, 0, 13, 6], "texture": "#body"},
				"west": {"uv": [10, 0, 16, 16], "rotation": 90, "texture": "#body"},
				"up": {"uv": [3, 0, 13, 16], "rotation": 180, "texture": "#2"},
				"down": {"uv": [3, 0, 13, 16], "rotation": 180, "texture": "#body"}
			}
		},
		{
			"name": "Anvil top",
			"from": [4, 11.25, 16],
			"to": [12, 15.25, 18],
			"faces": {
				"north": {"uv": [3, 0, 11, 4], "texture": "#body"},
				"east": {"uv": [14, 0, 10, 2], "rotation": 270, "texture": "#body"},
				"south": {"uv": [3, 0, 11, 4], "texture": "#body"},
				"west": {"uv": [10, 0, 14, 2], "rotation": 90, "texture": "#body"},
				"up": {"uv": [3, 0, 11, 2], "rotation": 180, "texture": "#2"},
				"down": {"uv": [3, 0, 11, 2], "rotation": 180, "texture": "#body"}
			}
		},
		{
			"name": "Anvil top",
			"from": [6, 12, 18],
			"to": [10, 15, 24],
			"faces": {
				"north": {"uv": [3, 0, 9, 3], "texture": "#body"},
				"east": {"uv": [13, 0, 10, 6], "rotation": 270, "texture": "#body"},
				"south": {"uv": [3, 0, 9, 3], "texture": "#body"},
				"west": {"uv": [10, 0, 13, 6], "rotation": 90, "texture": "#body"},
				"up": {"uv": [3, 0, 9, 6], "rotation": 180, "texture": "#2"},
				"down": {"uv": [3, 0, 9, 6], "rotation": 180, "texture": "#body"}
			}
		},
		{
			"name": "Anvil top",
			"from": [3, 12, -6],
			"to": [13, 16, 0],
			"faces": {
				"north": {"uv": [3, 12, 13, 16], "texture": "#body"},
				"east": {"uv": [4, 10, 0, 16], "rotation": 90, "texture": "#body"},
				"south": {"uv": [3, 12, 13, 16], "texture": "#body"},
				"west": {"uv": [0, 10, 4, 16], "rotation": 270, "texture": "#body"},
				"up": {"uv": [3, 9, 13, 15], "texture": "#2"},
				"down": {"uv": [3, 10, 13, 16], "rotation": 180, "texture": "#body"}
			}
		},
		{
			"from": [2.75, 9.75, 11],
			"to": [13.25, 16.25, 15],
			"rotation": {"angle": 0, "axis": "x", "origin": [8, 13, 13]},
			"faces": {
				"north": {"uv": [3, 0, 8.25, 3.25], "texture": "#3"},
				"east": {"uv": [0, 3, 3.25, 5], "rotation": 90, "texture": "#3"},
				"south": {"uv": [3, 0, 8.25, 3.25], "texture": "#3"},
				"west": {"uv": [0, 3, 3.25, 5], "rotation": 90, "texture": "#3"},
				"up": {"uv": [0, 3, 5.25, 5], "texture": "#3"},
				"down": {"uv": [0, 3, 5.25, 5], "texture": "#3"}
			}
		},
		{
			"from": [2.75, 11.75, -4],
			"to": [13.25, 16.25, 0],
			"rotation": {"angle": 0, "axis": "x", "origin": [8, 13, 13]},
			"faces": {
				"north": {"uv": [3, 0, 8.25, 2.25], "texture": "#3"},
				"east": {"uv": [0, 3, 2.25, 5], "rotation": 90, "texture": "#3"},
				"south": {"uv": [3, 0, 8.25, 2.25], "texture": "#3"},
				"west": {"uv": [0, 3, 2.25, 5], "rotation": 90, "texture": "#3"},
				"up": {"uv": [0, 3, 5.25, 5], "texture": "#3"},
				"down": {"uv": [0, 3, 5.25, 5], "texture": "#3"}
			}
		}
	],
	"display": {
		"thirdperson_righthand": {
			"rotation": [75, 45, 0],
			"translation": [0, 2.5, 0],
			"scale": [0.375, 0.375, 0.375]
		},
		"thirdperson_lefthand": {
			"rotation": [75, 45, 0],
			"translation": [0, 2.5, 0],
			"scale": [0.375, 0.375, 0.375]
		},
		"firstperson_righthand": {
			"rotation": [0, 45, 0],
			"scale": [0.4, 0.4, 0.4]
		},
		"firstperson_lefthand": {
			"rotation": [0, 225, 0],
			"scale": [0.4, 0.4, 0.4]
		},
		"ground": {
			"translation": [0, 3, 0],
			"scale": [0.25, 0.25, 0.25]
		},
		"gui": {
			"rotation": [30, 225, 0],
			"scale": [0.625, 0.625, 0.625]
		},
		"fixed": {
			"scale": [0.5, 0.5, 0.5]
		}
	}
}