{
	"credit": "Made with Blockbench",
	"textures": {
		"3": "block/gold_block",
		"particle": "block/obsidian"
	},
	"elements": [
		{
			"from": [7, -0.1, 2],
			"to": [9, 1.1, 6],
			"rotation": {"angle": 0, "axis": "y", "origin": [8, 0.5, 4]},
			"faces": {
				"north": {"uv": [12, 15, 16, 16], "texture": "#3"},
				"east": {"uv": [12, 15, 16, 16], "texture": "#3"},
				"south": {"uv": [12, 15, 16, 16], "texture": "#3"},
				"west": {"uv": [12, 15, 16, 16], "texture": "#3"},
				"up": {"uv": [12, 15, 16, 16], "texture": "#3"},
				"down": {"uv": [12, 15, 16, 16], "texture": "#3"}
			}
		},
		{
			"from": [6, 0, 6],
			"to": [9, 1, 10],
			"rotation": {"angle": 0, "axis": "y", "origin": [7.5, 0.5, 8]},
			"faces": {
				"north": {"uv": [0, 0, 3, 1], "texture": "#3"},
				"east": {"uv": [0, 0, 4, 1], "texture": "#3"},
				"south": {"uv": [0, 0, 3, 1], "texture": "#3"},
				"west": {"uv": [0, 0, 4, 1], "texture": "#3"},
				"up": {"uv": [0, 0, 3, 4], "texture": "#3"},
				"down": {"uv": [0, 0, 3, 4], "texture": "#3"}
			}
		},
		{
			"from": [7, 0, 10],
			"to": [9, 1, 13],
			"rotation": {"angle": 0, "axis": "y", "origin": [8, 0.5, 11.5]},
			"faces": {
				"north": {"uv": [0, 0, 2, 1], "texture": "#3"},
				"east": {"uv": [0, 0, 3, 1], "texture": "#3"},
				"south": {"uv": [0, 0, 2, 1], "texture": "#3"},
				"west": {"uv": [0, 0, 3, 1], "texture": "#3"},
				"up": {"uv": [0, 0, 2, 3], "texture": "#3"},
				"down": {"uv": [0, 0, 2, 3], "texture": "#3"}
			}
		},
		{
			"from": [8, 0, 13],
			"to": [9, 1, 14],
			"rotation": {"angle": 0, "axis": "y", "origin": [8.5, 0.5, 13.5]},
			"faces": {
				"north": {"uv": [0, 0, 1, 1], "texture": "#3"},
				"east": {"uv": [0, 0, 1, 1], "texture": "#3"},
				"south": {"uv": [0, 0, 1, 1], "texture": "#3"},
				"west": {"uv": [0, 0, 1, 1], "texture": "#3"},
				"up": {"uv": [0, 0, 1, 1], "texture": "#3"},
				"down": {"uv": [0, 0, 1, 1], "texture": "#3"}
			}
		}
	],
	"display": {
		"thirdperson_righthand": {
			"rotation": [-90, 0, -90],
			"translation": [7.5, 2.25, 1.25]
		},
		"thirdperson_lefthand": {
			"rotation": [-90, 0, 90],
			"translation": [-7.5, 2.25, 1.25]
		},
		"firstperson_righthand": {
			"rotation": [-125, 4, -90],
			"translation": [8.75, 2.5, -0.25],
			"scale": [0.75, 0.75, 0.73]
		},
		"firstperson_lefthand": {
			"rotation": [-111, 4, 90],
			"translation": [-2.75, 3.25, 0.25],
			"scale": [0.75, 0.75, 0.75]
		},
		"ground": {
			"rotation": [-45, 0, 90],
			"translation": [-7.25, 4, 0],
			"scale": [0.9, 0.9, 0.9]
		},
		"gui": {
			"rotation": [-90, 0, -180],
			"translation": [-0.25, 0, 0]
		},
		"head": {
			"rotation": [90, -90, -180],
			"translation": [9.25, 3.75, -8.25]
		},
		"fixed": {
			"rotation": [-90, 0, 0],
			"translation": [0, 0, -8]
		}
	},
	"groups": [
		{
			"name": "group",
			"origin": [8.5, 0.5, 13.5],
			"children": [0, 1, 2, 3]
		}
	]
}