{
	"credit": "Made with Blockbench",
	"textures": {
		"0": "block/gold_block",
		"1": "block/oak_planks",
		"particle": "block/gold_block"
	},
	"elements": [
		{
			"from": [7.25, 18, 7.25],
			"to": [8.75, 22, 8.75],
			"rotation": {"angle": 0, "axis": "y", "origin": [15.5, 10, 15.5]},
			"faces": {
				"north": {"uv": [0, 0, 1.5, 4], "texture": "#1"},
				"east": {"uv": [0, 0, 1.5, 4], "texture": "#1"},
				"south": {"uv": [0, 0, 1.5, 4], "texture": "#1"},
				"west": {"uv": [0, 0, 1.5, 4], "texture": "#1"},
				"up": {"uv": [0, 0, 1.5, 1.5], "texture": "#1"},
				"down": {"uv": [0, 0, 1.5, 1.5], "texture": "#1"}
			}
		},
		{
			"from": [7.5, 0, 7.5],
			"to": [8.5, 18, 8.5],
			"rotation": {"angle": 0, "axis": "y", "origin": [15.5, 8, 15.5]},
			"faces": {
				"north": {"uv": [0, 0, 1, 16], "texture": "#1"},
				"east": {"uv": [0, 0, 1, 16], "texture": "#1"},
				"south": {"uv": [0, 0, 1, 16], "texture": "#1"},
				"west": {"uv": [0, 0, 1, 16], "texture": "#1"},
				"up": {"uv": [0, 0, 1, 1], "texture": "#1"},
				"down": {"uv": [0, 0, 1, 1], "texture": "#1"}
			}
		},
		{
			"from": [6.5, 22, 6.5],
			"to": [9.5, 23.75, 9.5],
			"rotation": {"angle": 0, "axis": "y", "origin": [15.5, 29.75, 15.5]},
			"faces": {
				"north": {"uv": [6, 6, 9, 8], "texture": "#0"},
				"east": {"uv": [4, 3, 7, 5], "texture": "#0"},
				"south": {"uv": [5, 5, 8, 7], "texture": "#0"},
				"west": {"uv": [4, 3, 7, 5], "texture": "#0"},
				"up": {"uv": [0, 0, 3, 3], "texture": "#0"},
				"down": {"uv": [1, 10, 4, 13], "texture": "#0"}
			}
		},
		{
			"from": [6.5, 24.75, 6.5],
			"to": [9.5, 26.5, 9.5],
			"rotation": {"angle": 0, "axis": "y", "origin": [15.5, 32.75, 15.5]},
			"faces": {
				"north": {"uv": [0, 0, 3, 1.75], "texture": "#0"},
				"east": {"uv": [0, 0, 3, 1.75], "texture": "#0"},
				"south": {"uv": [0, 0, 3, 1.75], "texture": "#0"},
				"west": {"uv": [0, 0, 3, 1.75], "texture": "#0"},
				"up": {"uv": [6, 5, 9, 8], "texture": "#0"},
				"down": {"uv": [0, 0, 3, 3], "texture": "#0"}
			}
		},
		{
			"from": [6, 24.75, 6.5],
			"to": [7.5, 26.25, 9.5],
			"rotation": {"angle": 0, "axis": "y", "origin": [14.5, 32.75, 15.5]},
			"faces": {
				"north": {"uv": [0, 0, 1.5, 1.5], "texture": "#0"},
				"east": {"uv": [0, 0, 3, 1.5], "texture": "#0"},
				"south": {"uv": [0, 0, 1.5, 1.5], "texture": "#0"},
				"west": {"uv": [0, 0, 3, 1.5], "texture": "#0"},
				"up": {"uv": [0, 0, 1.5, 3], "texture": "#0"},
				"down": {"uv": [0, 0, 1.5, 3], "texture": "#0"}
			}
		},
		{
			"from": [8.5, 24.75, 6.5],
			"to": [10, 26.25, 9.5],
			"rotation": {"angle": 0, "axis": "y", "origin": [17, 32.75, 15.5]},
			"faces": {
				"north": {"uv": [0, 0, 1.5, 1.5], "texture": "#0"},
				"east": {"uv": [0, 0, 3, 1.5], "texture": "#0"},
				"south": {"uv": [0, 0, 1.5, 1.5], "texture": "#0"},
				"west": {"uv": [0, 0, 3, 1.5], "texture": "#0"},
				"up": {"uv": [9, 9, 11, 12], "texture": "#0"},
				"down": {"uv": [0, 0, 1.5, 3], "texture": "#0"}
			}
		},
		{
			"from": [8.5, 22.25, 6.5],
			"to": [10, 23.75, 9.5],
			"rotation": {"angle": 0, "axis": "y", "origin": [17, 30.25, 15.5]},
			"faces": {
				"north": {"uv": [0, 0, 1.5, 1.5], "texture": "#0"},
				"east": {"uv": [9, 5, 12, 7], "texture": "#0"},
				"south": {"uv": [0, 0, 1.5, 1.5], "texture": "#0"},
				"west": {"uv": [0, 0, 3, 1.5], "texture": "#0"},
				"up": {"uv": [0, 0, 1.5, 3], "texture": "#0"},
				"down": {"uv": [5, 5, 7, 8], "texture": "#0"}
			}
		},
		{
			"from": [6, 22.25, 6.5],
			"to": [7.5, 23.75, 9.5],
			"rotation": {"angle": 0, "axis": "y", "origin": [14.5, 30.25, 15.5]},
			"faces": {
				"north": {"uv": [0, 0, 1.5, 1.5], "texture": "#0"},
				"east": {"uv": [0, 0, 3, 1.5], "texture": "#0"},
				"south": {"uv": [0, 0, 1.5, 1.5], "texture": "#0"},
				"west": {"uv": [12, 6, 15, 8], "texture": "#0"},
				"up": {"uv": [0, 0, 1.5, 3], "texture": "#0"},
				"down": {"uv": [0, 0, 1.5, 3], "texture": "#0"}
			}
		},
		{
			"from": [6.5, 22.25, 8.5],
			"to": [9.5, 23.75, 10],
			"rotation": {"angle": 0, "axis": "y", "origin": [8.5, 22.5, 9.75]},
			"faces": {
				"north": {"uv": [0, 0, 3, 1.5], "texture": "#0"},
				"east": {"uv": [0, 0, 1.5, 1.5], "texture": "#0"},
				"south": {"uv": [6, 6, 9, 8], "texture": "#0"},
				"west": {"uv": [0, 0, 1.5, 1.5], "texture": "#0"},
				"up": {"uv": [0, 0, 1.5, 3], "rotation": 270, "texture": "#0"},
				"down": {"uv": [0, 0, 1.5, 3], "rotation": 90, "texture": "#0"}
			}
		},
		{
			"from": [6.5, 24.75, 8.5],
			"to": [9.5, 26.25, 10],
			"rotation": {"angle": 0, "axis": "y", "origin": [8.5, 25, 9.75]},
			"faces": {
				"north": {"uv": [0, 0, 3, 1.5], "texture": "#0"},
				"east": {"uv": [0, 0, 1.5, 1.5], "texture": "#0"},
				"south": {"uv": [0, 0, 3, 1.5], "texture": "#0"},
				"west": {"uv": [0, 0, 1.5, 1.5], "texture": "#0"},
				"up": {"uv": [0, 0, 1.5, 3], "rotation": 270, "texture": "#0"},
				"down": {"uv": [0, 0, 1.5, 3], "rotation": 90, "texture": "#0"}
			}
		},
		{
			"from": [6.5, 24.75, 6],
			"to": [9.5, 26.25, 7.5],
			"rotation": {"angle": 0, "axis": "y", "origin": [8.5, 25, 7.25]},
			"faces": {
				"north": {"uv": [0, 0, 3, 1.5], "texture": "#0"},
				"east": {"uv": [0, 0, 1.5, 1.5], "texture": "#0"},
				"south": {"uv": [0, 0, 3, 1.5], "texture": "#0"},
				"west": {"uv": [0, 0, 1.5, 1.5], "texture": "#0"},
				"up": {"uv": [1, 9, 3, 12], "rotation": 270, "texture": "#0"},
				"down": {"uv": [0, 0, 1.5, 3], "rotation": 90, "texture": "#0"}
			}
		},
		{
			"from": [6.5, 22.25, 6],
			"to": [9.5, 23.75, 7.5],
			"rotation": {"angle": 0, "axis": "y", "origin": [8.5, 22.5, 7.25]},
			"faces": {
				"north": {"uv": [6, 2, 9, 4], "texture": "#0"},
				"east": {"uv": [0, 0, 1.5, 1.5], "texture": "#0"},
				"south": {"uv": [0, 0, 3, 1.5], "texture": "#0"},
				"west": {"uv": [0, 0, 1.5, 1.5], "texture": "#0"},
				"up": {"uv": [0, 0, 1.5, 3], "rotation": 270, "texture": "#0"},
				"down": {"uv": [8, 7, 10, 10], "rotation": 90, "texture": "#0"}
			}
		},
		{
			"from": [8.5, 22.75, 6],
			"to": [10, 25.75, 7.5],
			"rotation": {"angle": 0, "axis": "z", "origin": [9.75, 23.75, 7.25]},
			"faces": {
				"north": {"uv": [6, 5, 9, 7], "rotation": 90, "texture": "#0"},
				"east": {"uv": [9, 5, 11, 8], "texture": "#0"},
				"south": {"uv": [0, 0, 3, 1.5], "rotation": 270, "texture": "#0"},
				"west": {"uv": [0, 0, 1.5, 3], "rotation": 180, "texture": "#0"},
				"up": {"uv": [5, 4, 7, 6], "rotation": 270, "texture": "#0"},
				"down": {"uv": [0, 0, 1.5, 1.5], "rotation": 270, "texture": "#0"}
			}
		},
		{
			"from": [6, 22.75, 6],
			"to": [7.5, 25.75, 7.5],
			"rotation": {"angle": 0, "axis": "z", "origin": [7.25, 23.75, 7.25]},
			"faces": {
				"north": {"uv": [0, 0, 3, 1.5], "rotation": 90, "texture": "#0"},
				"east": {"uv": [0, 0, 1.5, 3], "texture": "#0"},
				"south": {"uv": [0, 0, 3, 1.5], "rotation": 270, "texture": "#0"},
				"west": {"uv": [6, 4, 8, 7], "rotation": 180, "texture": "#0"},
				"up": {"uv": [0, 0, 1.5, 1.5], "rotation": 270, "texture": "#0"},
				"down": {"uv": [0, 0, 1.5, 1.5], "rotation": 270, "texture": "#0"}
			}
		},
		{
			"from": [6, 22.75, 8.5],
			"to": [7.5, 25.75, 10],
			"rotation": {"angle": 0, "axis": "z", "origin": [7.25, 23.75, 9.75]},
			"faces": {
				"north": {"uv": [0, 0, 3, 1.5], "rotation": 90, "texture": "#0"},
				"east": {"uv": [0, 0, 1.5, 3], "texture": "#0"},
				"south": {"uv": [0, 0, 3, 1.5], "rotation": 270, "texture": "#0"},
				"west": {"uv": [0, 0, 1.5, 3], "rotation": 180, "texture": "#0"},
				"up": {"uv": [0, 0, 1.5, 1.5], "rotation": 270, "texture": "#0"},
				"down": {"uv": [0, 0, 1.5, 1.5], "rotation": 270, "texture": "#0"}
			}
		},
		{
			"from": [8.5, 22.75, 8.5],
			"to": [10, 25.75, 10],
			"rotation": {"angle": 0, "axis": "z", "origin": [9.75, 23.75, 9.75]},
			"faces": {
				"north": {"uv": [0, 0, 3, 1.5], "rotation": 90, "texture": "#0"},
				"east": {"uv": [0, 0, 1.5, 3], "texture": "#0"},
				"south": {"uv": [6, 5, 9, 7], "rotation": 270, "texture": "#0"},
				"west": {"uv": [0, 0, 1.5, 3], "rotation": 180, "texture": "#0"},
				"up": {"uv": [0, 0, 1.5, 1.5], "rotation": 270, "texture": "#0"},
				"down": {"uv": [0, 0, 1.5, 1.5], "rotation": 270, "texture": "#0"}
			}
		},
		{
			"from": [6.5, 22.75, 5.75],
			"to": [9.5, 25.75, 10.25],
			"rotation": {"angle": 0, "axis": "y", "origin": [15.5, 30.75, 15.5]},
			"faces": {
				"north": {"uv": [5, 5, 8, 8], "texture": "#0"},
				"east": {"uv": [0, 0, 4.5, 3], "texture": "#0"},
				"south": {"uv": [7, 10, 10, 13], "texture": "#0"},
				"west": {"uv": [0, 0, 4.5, 3], "texture": "#0"},
				"up": {"uv": [0, 0, 3, 4.5], "texture": "#0"},
				"down": {"uv": [0, 0, 3, 4.5], "texture": "#0"}
			}
		},
		{
			"from": [5.75, 22.75, 6.5],
			"to": [10.25, 25.75, 9.5],
			"rotation": {"angle": 0, "axis": "y", "origin": [8.5, 23.75, 8.5]},
			"faces": {
				"north": {"uv": [0, 0, 4.5, 3], "texture": "#0"},
				"east": {"uv": [11, 4, 14, 7], "texture": "#0"},
				"south": {"uv": [0, 0, 4.5, 3], "texture": "#0"},
				"west": {"uv": [5, 5, 8, 8], "texture": "#0"},
				"up": {"uv": [0, 0, 3, 4.5], "rotation": 90, "texture": "#0"},
				"down": {"uv": [0, 0, 3, 4.5], "rotation": 270, "texture": "#0"}
			}
		}
	],
	"display": {
		"thirdperson_righthand": {
			"translation": [0, 0, 0.75]
		},
		"thirdperson_lefthand": {
			"translation": [0, 0, 0.75]
		},
		"firstperson_righthand": {
			"rotation": [6, -33, 0],
			"translation": [2.5, -2, 0],
			"scale": [0.8, 0.8, 0.8]
		},
		"firstperson_lefthand": {
			"rotation": [6, -33, 0],
			"translation": [2.75, -2, 0],
			"scale": [0.8, 0.8, 0.8]
		},
		"ground": {
			"rotation": [0, 0, 44],
			"translation": [0, 2.25, 0],
			"scale": [0.5, 0.5, 0.5]
		},
		"gui": {
			"rotation": [0, 0, -45],
			"translation": [-2.75, -2.75, 0],
			"scale": [0.65, 0.65, 0.65]
		},
		"head": {
			"rotation": [129.75, 0, 0],
			"translation": [0, -26, 5]
		},
		"fixed": {
			"rotation": [0, 0, 45],
			"translation": [2.5, -2.5, -1],
			"scale": [0.65, 0.65, 0.65]
		}
	},
	"groups": [
		{
			"name": "staff",
			"origin": [15.5, 8, 15.5],
			"children": [0, 1]
		},
		{
			"name": "ball",
			"origin": [8, 24, 8],
			"children": [2, 3, 4, 5, 6, 7, 8, 9, 10, 11, 12, 13, 14, 15, 16, 17]
		}
	]
}