{
	"credit": "Made with Blockbench",
	"parent": "item/generated",
	"textures": {
		"layer0": "item/zeus_bolt"
	},
	"display": {
		"thirdperson_righthand": {
			"rotation": [-180, 90, -90],
			"translation": [0, 0.25, 0.25],
			"scale": [-1.18867, 1.18867, 1.18867]
		},
		"thirdperson_lefthand": {
			"rotation": [-180, -90, 90],
			"translation": [0, 0.25, 0.25],
			"scale": [1.18867, 1.18867, 1.18867]
		},
		"firstperson_righthand": {
			"rotation": [90, -90, 25],
			"translation": [1.13, 3.2, -3],
			"scale": [1.61, 1.61, 1.61]
		},
		"firstperson_lefthand": {
			"rotation": [45, 90, 25],
			"translation": [1.13, 3.2, -3],
			"scale": [1.61, 1.61, 1.61]
		},
		"ground": {
			"translation": [0, 2, 0],
			"scale": [0.5, 0.5, 0.5]
		},
		"head": {
			"rotation": [0, 180, 0],
			"translation": [0, 13, 7]
		},
		"fixed": {
			"rotation": [0, 180, 0]
		}
	}
}