{
	"credit": "Made with Blockbench",
	"textures": {
		"0": "block/barrel_bottom",
		"1": "block/cobweb",
		"2": "block/gold_block",
		"particle": "block/barrel_bottom"
	},
	"elements": [
		{
			"from": [7, -1, 4],
			"to": [9, 1, 12],
			"rotation": {"angle": 0, "axis": "y", "origin": [15.5, 8, 16]},
			"faces": {
				"north": {"uv": [0, 0, 2, 2], "texture": "#0"},
				"east": {"uv": [5, 0, 13, 2], "texture": "#0"},
				"south": {"uv": [0, 0, 2, 2], "texture": "#0"},
				"west": {"uv": [6, 0, 14, 2], "texture": "#0"},
				"up": {"uv": [0, 0, 2, 8], "texture": "#0"},
				"down": {"uv": [15, 0, 16, 8], "texture": "#0"}
			}
		},
		{
			"from": [7, 1, 3],
			"to": [9, 2, 6],
			"rotation": {"angle": 0, "axis": "y", "origin": [15.5, 9, 15]},
			"faces": {
				"north": {"uv": [0, 0, 2, 1], "texture": "#0"},
				"east": {"uv": [0, 0, 3, 1], "texture": "#0"},
				"south": {"uv": [0, 0, 2, 1], "texture": "#0"},
				"west": {"uv": [0, 0, 3, 1], "texture": "#0"},
				"up": {"uv": [0, 0, 2, 3], "texture": "#0"},
				"down": {"uv": [0, 0, 2, 3], "texture": "#0"}
			}
		},
		{
			"from": [7, 1, 10],
			"to": [9, 2, 13],
			"rotation": {"angle": 0, "axis": "y", "origin": [15.5, 9, 22]},
			"faces": {
				"north": {"uv": [0, 0, 2, 1], "texture": "#0"},
				"east": {"uv": [0, 0, 3, 1], "texture": "#0"},
				"south": {"uv": [0, 0, 2, 1], "texture": "#0"},
				"west": {"uv": [0, 0, 3, 1], "texture": "#0"},
				"up": {"uv": [0, 0, 2, 3], "texture": "#0"},
				"down": {"uv": [0, 0, 2, 3], "texture": "#0"}
			}
		},
		{
			"from": [7, 2, 12],
			"to": [9, 7, 15],
			"rotation": {"angle": 0, "axis": "y", "origin": [15.5, 10, 24]},
			"faces": {
				"north": {"uv": [4, 4, 6, 9], "texture": "#0"},
				"east": {"uv": [8, 9, 11, 14], "texture": "#0"},
				"south": {"uv": [9, 6, 11, 11], "texture": "#0"},
				"west": {"uv": [10, 5, 13, 10], "texture": "#0"},
				"up": {"uv": [0, 0, 2, 3], "texture": "#0"},
				"down": {"uv": [0, 0, 2, 3], "texture": "#0"}
			}
		},
		{
			"from": [7, 2, 1],
			"to": [9, 7, 4],
			"rotation": {"angle": 0, "axis": "y", "origin": [15.5, 10, 13]},
			"faces": {
				"north": {"uv": [11, 8, 13, 13], "texture": "#0"},
				"east": {"uv": [5, 4, 8, 9], "texture": "#0"},
				"south": {"uv": [4, 2, 6, 7], "texture": "#0"},
				"west": {"uv": [8, 6, 11, 11], "texture": "#0"},
				"up": {"uv": [0, 0, 2, 3], "texture": "#0"},
				"down": {"uv": [0, 0, 2, 3], "texture": "#0"}
			}
		},
		{
			"from": [7.25, 7, 12],
			"to": [8.75, 10, 14],
			"rotation": {"angle": 0, "axis": "y", "origin": [15.5, 15, 23]},
			"faces": {
				"north": {"uv": [4, 4, 6, 7], "texture": "#0"},
				"east": {"uv": [8, 5, 10, 8], "texture": "#0"},
				"south": {"uv": [8, 0, 10, 3], "texture": "#0"},
				"west": {"uv": [13, 4, 15, 7], "texture": "#0"},
				"up": {"uv": [0, 0, 1.5, 2], "texture": "#0"},
				"down": {"uv": [0, 0, 1.5, 2], "texture": "#0"}
			}
		},
		{
			"from": [7.25, 7, 2],
			"to": [8.75, 10, 4],
			"rotation": {"angle": 0, "axis": "y", "origin": [15.5, 15, 13]},
			"faces": {
				"north": {"uv": [4, 4, 6, 7], "texture": "#0"},
				"east": {"uv": [8, 7, 10, 10], "texture": "#0"},
				"south": {"uv": [5, 4, 7, 7], "texture": "#0"},
				"west": {"uv": [6, 5, 8, 8], "texture": "#0"},
				"up": {"uv": [0, 0, 1.5, 2], "texture": "#0"},
				"down": {"uv": [0, 0, 1.5, 2], "texture": "#0"}
			}
		},
		{
			"from": [7.5, 10, 11.5],
			"to": [8.5, 12, 13.5],
			"rotation": {"angle": 0, "axis": "y", "origin": [15.5, 19, 22.5]},
			"faces": {
				"north": {"uv": [0, 0, 1, 2], "texture": "#0"},
				"east": {"uv": [4, 2, 6, 4], "texture": "#0"},
				"south": {"uv": [0, 0, 1, 2], "texture": "#0"},
				"west": {"uv": [8, 5, 10, 7], "texture": "#0"},
				"up": {"uv": [0, 0, 1, 2], "texture": "#0"},
				"down": {"uv": [0, 0, 1, 2], "texture": "#0"}
			}
		},
		{
			"from": [7.5, 10, 2.5],
			"to": [8.5, 12, 4.5],
			"rotation": {"angle": 0, "axis": "y", "origin": [15.5, 19, 13.5]},
			"faces": {
				"north": {"uv": [0, 0, 1, 2], "texture": "#0"},
				"east": {"uv": [8, 8, 10, 10], "texture": "#0"},
				"south": {"uv": [0, 0, 1, 2], "texture": "#0"},
				"west": {"uv": [7, 9, 9, 11], "texture": "#0"},
				"up": {"uv": [0, 0, 1, 2], "texture": "#0"},
				"down": {"uv": [0, 0, 1, 2], "texture": "#0"}
			}
		},
		{
			"from": [7.5, 12, 11],
			"to": [8.5, 13, 13],
			"rotation": {"angle": 0, "axis": "y", "origin": [15.5, 20, 22]},
			"faces": {
				"north": {"uv": [0, 0, 1, 1], "texture": "#0"},
				"east": {"uv": [0, 0, 2, 1], "texture": "#0"},
				"south": {"uv": [0, 0, 1, 1], "texture": "#0"},
				"west": {"uv": [0, 0, 2, 1], "texture": "#0"},
				"up": {"uv": [0, 0, 1, 2], "texture": "#0"},
				"down": {"uv": [0, 0, 1, 2], "texture": "#0"}
			}
		},
		{
			"from": [7.5, 12, 3],
			"to": [8.5, 13, 5],
			"rotation": {"angle": 0, "axis": "y", "origin": [15.5, 20, 14]},
			"faces": {
				"north": {"uv": [0, 0, 1, 1], "texture": "#0"},
				"east": {"uv": [0, 0, 2, 1], "texture": "#0"},
				"south": {"uv": [0, 0, 1, 1], "texture": "#0"},
				"west": {"uv": [0, 0, 2, 1], "texture": "#0"},
				"up": {"uv": [0, 0, 1, 2], "texture": "#0"},
				"down": {"uv": [0, 0, 1, 2], "texture": "#0"}
			}
		},
		{
			"from": [7.5, 13, 11],
			"to": [8.5, 14, 12],
			"rotation": {"angle": 0, "axis": "y", "origin": [15.5, 21, 22]},
			"faces": {
				"north": {"uv": [0, 0, 1, 1], "texture": "#0"},
				"east": {"uv": [0, 0, 1, 1], "texture": "#0"},
				"south": {"uv": [0, 0, 1, 1], "texture": "#0"},
				"west": {"uv": [0, 0, 1, 1], "texture": "#0"},
				"up": {"uv": [0, 0, 1, 1], "texture": "#0"},
				"down": {"uv": [0, 0, 1, 1], "texture": "#0"}
			}
		},
		{
			"from": [7.75, 13.25, 5],
			"to": [8.25, 13.75, 11],
			"rotation": {"angle": 0, "axis": "y", "origin": [15.5, 21, 20]},
			"faces": {
				"north": {"uv": [0, 0, 0.5, 0.5], "texture": "#0"},
				"east": {"uv": [0, 0, 6, 0.5], "texture": "#0"},
				"south": {"uv": [0, 0, 0.5, 0.5], "texture": "#0"},
				"west": {"uv": [0, 0, 6, 0.5], "texture": "#0"},
				"up": {"uv": [0, 0, 0.5, 6], "texture": "#0"},
				"down": {"uv": [0, 0, 0.5, 6], "texture": "#0"}
			}
		},
		{
			"from": [7.75, 13.25, 5],
			"to": [8.25, 13.75, 11],
			"rotation": {"angle": 0, "axis": "y", "origin": [15.5, 21, 20]},
			"faces": {
				"north": {"uv": [0, 0, 0.5, 0.5], "texture": "#0"},
				"east": {"uv": [0, 0, 6, 0.5], "texture": "#0"},
				"south": {"uv": [0, 0, 0.5, 0.5], "texture": "#0"},
				"west": {"uv": [0, 0, 6, 0.5], "texture": "#0"},
				"up": {"uv": [0, 0, 0.5, 6], "texture": "#0"},
				"down": {"uv": [0, 0, 0.5, 6], "texture": "#0"}
			}
		},
		{
			"from": [7.5, 13, 4],
			"to": [8.5, 14, 5],
			"rotation": {"angle": 0, "axis": "y", "origin": [15.5, 21, 15]},
			"faces": {
				"north": {"uv": [0, 0, 1, 1], "texture": "#0"},
				"east": {"uv": [0, 0, 1, 1], "texture": "#0"},
				"south": {"uv": [0, 0, 1, 1], "texture": "#0"},
				"west": {"uv": [0, 0, 1, 1], "texture": "#0"},
				"up": {"uv": [0, 0, 1, 1], "texture": "#0"},
				"down": {"uv": [0, 0, 1, 1], "texture": "#0"}
			}
		},
		{
			"from": [7.5, 14, 11],
			"to": [8.5, 16, 14],
			"rotation": {"angle": 0, "axis": "y", "origin": [15.5, 22, 22]},
			"faces": {
				"north": {"uv": [0, 0, 1, 2], "texture": "#0"},
				"east": {"uv": [0, 0, 3, 2], "texture": "#0"},
				"south": {"uv": [0, 0, 1, 2], "texture": "#0"},
				"west": {"uv": [0, 0, 3, 2], "texture": "#0"},
				"up": {"uv": [0, 0, 1, 3], "texture": "#0"},
				"down": {"uv": [0, 0, 1, 3], "texture": "#0"}
			}
		},
		{
			"from": [7.5, 14, 2],
			"to": [8.5, 16, 5],
			"rotation": {"angle": 0, "axis": "y", "origin": [15.5, 22, 13]},
			"faces": {
				"north": {"uv": [0, 0, 1, 2], "texture": "#0"},
				"east": {"uv": [0, 0, 3, 2], "texture": "#0"},
				"south": {"uv": [0, 0, 1, 2], "texture": "#0"},
				"west": {"uv": [0, 0, 3, 2], "texture": "#0"},
				"up": {"uv": [0, 0, 1, 3], "texture": "#0"},
				"down": {"uv": [0, 0, 1, 3], "texture": "#0"}
			}
		},
		{
			"from": [7.85, 1, 7.35],
			"to": [8.1, 13.25, 7.6],
			"rotation": {"angle": 0, "axis": "y", "origin": [15.6, 20, 14.6]},
			"faces": {
				"north": {"uv": [7, 3, 7, 12], "texture": "#1"},
				"east": {"uv": [7, 3, 7, 12], "texture": "#1"},
				"south": {"uv": [7, 3, 7, 12], "texture": "#1"},
				"west": {"uv": [7, 3, 7, 12], "texture": "#1"},
				"up": {"uv": [7, 3, 7, 12], "texture": "#1"},
				"down": {"uv": [7, 3, 7, 12], "texture": "#1"}
			}
		},
		{
			"from": [7.85, 1, 6.35],
			"to": [8.1, 13.25, 6.6],
			"rotation": {"angle": 0, "axis": "y", "origin": [15.6, 20, 13.6]},
			"faces": {
				"north": {"uv": [7, 8, 16, 9], "rotation": 90, "texture": "#1"},
				"east": {"uv": [7, 8, 16, 9], "rotation": 90, "texture": "#1"},
				"south": {"uv": [7, 8, 16, 9], "rotation": 90, "texture": "#1"},
				"west": {"uv": [7, 8, 16, 9], "rotation": 90, "texture": "#1"},
				"up": {"uv": [7, 8, 16, 9], "rotation": 90, "texture": "#1"},
				"down": {"uv": [7, 8, 16, 9], "rotation": 90, "texture": "#1"}
			}
		},
		{
			"from": [7.85, 1, 8.35],
			"to": [8.1, 13.25, 8.6],
			"rotation": {"angle": 0, "axis": "y", "origin": [15.6, 20, 15.6]},
			"faces": {
				"north": {"uv": [7, 4, 7, 13], "texture": "#1"},
				"east": {"uv": [7, 4, 7, 13], "texture": "#1"},
				"south": {"uv": [7, 4, 7, 13], "texture": "#1"},
				"west": {"uv": [7, 4, 7, 13], "texture": "#1"},
				"up": {"uv": [7, 4, 7, 13], "texture": "#1"},
				"down": {"uv": [7, 4, 7, 13], "texture": "#1"}
			}
		},
		{
			"from": [7.85, 1, 9.35],
			"to": [8.1, 13.25, 9.6],
			"rotation": {"angle": 0, "axis": "y", "origin": [15.6, 20, 16.6]},
			"faces": {
				"north": {"uv": [7, 3, 7, 12], "texture": "#1"},
				"east": {"uv": [7, 3, 7, 12], "texture": "#1"},
				"south": {"uv": [7, 3, 7, 12], "texture": "#1"},
				"west": {"uv": [7, 3, 7, 12], "texture": "#1"},
				"up": {"uv": [7, 3, 7, 12], "texture": "#1"},
				"down": {"uv": [7, 3, 7, 12], "texture": "#1"}
			}
		},
		{
			"from": [7.85, 2, 10.35],
			"to": [8.1, 13.25, 10.6],
			"rotation": {"angle": 0, "axis": "y", "origin": [15.6, 20, 17.6]},
			"faces": {
				"north": {"uv": [0, 7, 9, 8], "rotation": 90, "texture": "#1"},
				"east": {"uv": [0, 7, 9, 8], "rotation": 90, "texture": "#1"},
				"south": {"uv": [0, 7, 9, 8], "rotation": 90, "texture": "#1"},
				"west": {"uv": [0, 7, 9, 8], "rotation": 90, "texture": "#1"},
				"up": {"uv": [0, 7, 9, 8], "rotation": 90, "texture": "#1"},
				"down": {"uv": [0, 7, 9, 8], "rotation": 90, "texture": "#1"}
			}
		},
		{
			"from": [7.85, 2, 5.35],
			"to": [8.1, 13.25, 5.6],
			"rotation": {"angle": 0, "axis": "y", "origin": [15.6, 20, 12.6]},
			"faces": {
				"north": {"uv": [7, 3, 7, 12], "texture": "#1"},
				"east": {"uv": [7, 3, 7, 12], "texture": "#1"},
				"south": {"uv": [7, 3, 7, 12], "texture": "#1"},
				"west": {"uv": [7, 3, 7, 12], "texture": "#1"},
				"up": {"uv": [7, 3, 7, 12], "texture": "#1"},
				"down": {"uv": [7, 3, 7, 12], "texture": "#1"}
			}
		},
		{
			"from": [7.95, 13.75, 8.35],
			"to": [8.05, 13.95, 8.65],
			"rotation": {"angle": 0, "axis": "y", "origin": [15.5, 21.75, 16]},
			"faces": {
				"north": {"uv": [3, 2, 4, 3], "texture": "#2"},
				"east": {"uv": [3, 2, 4, 3], "texture": "#2"},
				"south": {"uv": [3, 2, 4, 3], "texture": "#2"},
				"west": {"uv": [3, 2, 4, 3], "texture": "#2"},
				"up": {"uv": [3, 2, 4, 3], "texture": "#2"},
				"down": {"uv": [3, 2, 4, 3], "texture": "#2"}
			}
		},
		{
			"from": [7.95, 13.75, 7.35],
			"to": [8.05, 13.95, 7.65],
			"rotation": {"angle": 0, "axis": "y", "origin": [15.5, 21.75, 15]},
			"faces": {
				"north": {"uv": [3, 2, 4, 3], "texture": "#2"},
				"east": {"uv": [3, 2, 4, 3], "texture": "#2"},
				"south": {"uv": [3, 2, 4, 3], "texture": "#2"},
				"west": {"uv": [3, 2, 4, 3], "texture": "#2"},
				"up": {"uv": [3, 2, 4, 3], "texture": "#2"},
				"down": {"uv": [3, 2, 4, 3], "texture": "#2"}
			}
		},
		{
			"from": [7.95, 13.75, 6.35],
			"to": [8.05, 13.95, 6.65],
			"rotation": {"angle": 0, "axis": "y", "origin": [15.5, 21.75, 14]},
			"faces": {
				"north": {"uv": [3, 2, 4, 3], "texture": "#2"},
				"east": {"uv": [3, 2, 4, 3], "texture": "#2"},
				"south": {"uv": [3, 2, 4, 3], "texture": "#2"},
				"west": {"uv": [3, 2, 4, 3], "texture": "#2"},
				"up": {"uv": [3, 2, 4, 3], "texture": "#2"},
				"down": {"uv": [3, 2, 4, 3], "texture": "#2"}
			}
		},
		{
			"from": [7.95, 13.75, 9.35],
			"to": [8.05, 13.95, 9.65],
			"rotation": {"angle": 0, "axis": "y", "origin": [15.5, 21.75, 17]},
			"faces": {
				"north": {"uv": [3, 2, 4, 3], "texture": "#2"},
				"east": {"uv": [3, 2, 4, 3], "texture": "#2"},
				"south": {"uv": [3, 2, 4, 3], "texture": "#2"},
				"west": {"uv": [3, 2, 4, 3], "texture": "#2"},
				"up": {"uv": [3, 2, 4, 3], "texture": "#2"},
				"down": {"uv": [3, 2, 4, 3], "texture": "#2"}
			}
		},
		{
			"from": [7.95, 13.75, 10.35],
			"to": [8.05, 13.95, 10.65],
			"rotation": {"angle": 0, "axis": "y", "origin": [15.5, 21.75, 18]},
			"faces": {
				"north": {"uv": [3, 2, 4, 3], "texture": "#2"},
				"east": {"uv": [3, 2, 4, 3], "texture": "#2"},
				"south": {"uv": [3, 2, 4, 3], "texture": "#2"},
				"west": {"uv": [3, 2, 4, 3], "texture": "#2"},
				"up": {"uv": [3, 2, 4, 3], "texture": "#2"},
				"down": {"uv": [3, 2, 4, 3], "texture": "#2"}
			}
		},
		{
			"from": [7.95, 13.75, 5.35],
			"to": [8.05, 13.95, 5.65],
			"rotation": {"angle": 0, "axis": "y", "origin": [15.5, 21.75, 13]},
			"faces": {
				"north": {"uv": [3, 2, 4, 3], "texture": "#2"},
				"east": {"uv": [3, 2, 4, 3], "texture": "#2"},
				"south": {"uv": [3, 2, 4, 3], "texture": "#2"},
				"west": {"uv": [3, 2, 4, 3], "texture": "#2"},
				"up": {"uv": [3, 2, 4, 3], "texture": "#2"},
				"down": {"uv": [3, 2, 4, 3], "texture": "#2"}
			}
		},
		{
			"from": [7.85, 13.9, 8.25],
			"to": [8.15, 14.45, 8.75],
			"rotation": {"angle": 0, "axis": "y", "origin": [15.5, 22.65, 16]},
			"faces": {
				"north": {"uv": [0, 0, 0.3, 0.55], "texture": "#2"},
				"east": {"uv": [3, 2, 5, 4], "texture": "#2"},
				"south": {"uv": [0, 0, 0.3, 0.55], "texture": "#2"},
				"west": {"uv": [1, 7, 3, 9], "texture": "#2"},
				"up": {"uv": [0, 0, 0.3, 0.5], "texture": "#2"},
				"down": {"uv": [0, 0, 0.3, 0.5], "texture": "#2"}
			}
		},
		{
			"from": [7.85, 13.9, 7.25],
			"to": [8.15, 14.45, 7.75],
			"rotation": {"angle": 0, "axis": "y", "origin": [15.5, 22.65, 15]},
			"faces": {
				"north": {"uv": [0, 0, 0.3, 0.55], "texture": "#2"},
				"east": {"uv": [10, 7, 12, 9], "texture": "#2"},
				"south": {"uv": [0, 0, 0.3, 0.55], "texture": "#2"},
				"west": {"uv": [2, 12, 4, 14], "texture": "#2"},
				"up": {"uv": [0, 0, 0.3, 0.5], "texture": "#2"},
				"down": {"uv": [0, 0, 0.3, 0.5], "texture": "#2"}
			}
		},
		{
			"from": [7.85, 13.9, 6.25],
			"to": [8.15, 14.45, 6.75],
			"rotation": {"angle": 0, "axis": "y", "origin": [15.5, 22.65, 14]},
			"faces": {
				"north": {"uv": [0, 0, 0.3, 0.55], "texture": "#2"},
				"east": {"uv": [1, 8, 3, 10], "texture": "#2"},
				"south": {"uv": [0, 0, 0.3, 0.55], "texture": "#2"},
				"west": {"uv": [1, 11, 3, 13], "texture": "#2"},
				"up": {"uv": [0, 0, 0.3, 0.5], "texture": "#2"},
				"down": {"uv": [0, 0, 0.3, 0.5], "texture": "#2"}
			}
		},
		{
			"from": [7.85, 13.9, 9.25],
			"to": [8.15, 14.45, 9.75],
			"rotation": {"angle": 0, "axis": "y", "origin": [15.5, 22.65, 17]},
			"faces": {
				"north": {"uv": [0, 0, 0.3, 0.55], "texture": "#2"},
				"east": {"uv": [3, 2, 5, 4], "texture": "#2"},
				"south": {"uv": [0, 0, 0.3, 0.55], "texture": "#2"},
				"west": {"uv": [4, 2, 6, 4], "texture": "#2"},
				"up": {"uv": [0, 0, 0.3, 0.5], "texture": "#2"},
				"down": {"uv": [0, 0, 0.3, 0.5], "texture": "#2"}
			}
		},
		{
			"from": [7.85, 13.9, 10.25],
			"to": [8.15, 14.45, 10.75],
			"rotation": {"angle": 0, "axis": "y", "origin": [15.5, 22.65, 18]},
			"faces": {
				"north": {"uv": [0, 0, 0.3, 0.55], "texture": "#2"},
				"east": {"uv": [6, 5, 8, 7], "texture": "#2"},
				"south": {"uv": [0, 0, 0.3, 0.55], "texture": "#2"},
				"west": {"uv": [6, 12, 8, 14], "texture": "#2"},
				"up": {"uv": [0, 0, 0.3, 0.5], "texture": "#2"},
				"down": {"uv": [0, 0, 0.3, 0.5], "texture": "#2"}
			}
		},
		{
			"from": [7.85, 13.9, 5.25],
			"to": [8.15, 14.45, 5.75],
			"rotation": {"angle": 0, "axis": "y", "origin": [15.5, 22.65, 13]},
			"faces": {
				"north": {"uv": [0, 0, 0.3, 0.55], "texture": "#2"},
				"east": {"uv": [11, 5, 13, 7], "texture": "#2"},
				"south": {"uv": [0, 0, 0.3, 0.55], "texture": "#2"},
				"west": {"uv": [8, 4, 10, 6], "texture": "#2"},
				"up": {"uv": [0, 0, 0.3, 0.5], "texture": "#2"},
				"down": {"uv": [0, 0, 0.3, 0.5], "texture": "#2"}
			}
		}
	],
	"display": {
		"thirdperson_righthand": {
			"translation": [0, 1, -2.75],
			"scale": [0.65, 0.65, 0.65]
		},
		"thirdperson_lefthand": {
			"translation": [0, 0.5, -2.75],
			"scale": [0.65, 0.65, 0.65]
		},
		"firstperson_righthand": {
			"rotation": [0, 27.25, 0],
			"translation": [0.5, 1.5, 0.25],
			"scale": [0.75, 0.75, 0.75]
		},
		"firstperson_lefthand": {
			"rotation": [0, 27.25, 0],
			"translation": [0.5, 1.5, 0.25],
			"scale": [0.75, 0.75, 0.75]
		},
		"ground": {
			"translation": [0, 5.75, 0],
			"scale": [0.75, 0.75, 0.75]
		},
		"gui": {
			"rotation": [0, -90, 0],
			"translation": [0, 0.75, 0],
			"scale": [0.75, 0.75, 0.75]
		},
		"head": {
			"rotation": [0, -90, 0],
			"translation": [0, -23.25, -3.75]
		},
		"fixed": {
			"rotation": [0, -90, 0],
			"translation": [0, 0, -0.5]
		}
	},
	"groups": [
		{
			"name": "Lyre",
			"origin": [15.5, 22, 13],
			"children": [0, 1, 2, 3, 4, 5, 6, 7, 8, 9, 10, 11, 12, 13, 14, 15, 16]
		},
		{
			"name": "Strings",
			"origin": [15.5, 22, 13],
			"children": [17, 18, 19, 20, 21, 22]
		},
		{
			"name": "Peg",
			"origin": [8, 8, 8],
			"children": [23, 24, 25, 26, 27, 28, 29, 30, 31, 32, 33, 34]
		}
	]
}