{
	"credit": "Made with Blockbench",
	"textures": {
		"0": "block/obsidian",
		"1": "block/purple_concrete_powder",
		"particle": "block/obsidian"
	},
	"elements": [
		{
			"from": [12, 0, 1],
			"to": [13, 2, 5],
			"rotation": {"angle": 0, "axis": "x", "origin": [5, 8, 2]},
			"faces": {
				"north": {"uv": [1, 0, 2, 2], "texture": "#0"},
				"east": {"uv": [4, 0, 8, 2], "texture": "#0"},
				"south": {"uv": [1, 0, 2, 2], "texture": "#0"},
				"west": {"uv": [4, 0, 8, 2], "texture": "#0"},
				"up": {"uv": [1, 0, 2, 4], "texture": "#0"},
				"down": {"uv": [1, 0, 2, 4], "texture": "#0"}
			}
		},
		{
			"from": [0, 0, 5],
			"to": [1, 2, 11],
			"rotation": {"angle": 0, "axis": "x", "origin": [8, 8, 13]},
			"faces": {
				"north": {"uv": [0, 0, 1, 2], "texture": "#0"},
				"east": {"uv": [0, 0, 6, 2], "texture": "#0"},
				"south": {"uv": [0, 0, 1, 2], "texture": "#0"},
				"west": {"uv": [0, 0, 6, 2], "texture": "#0"},
				"up": {"uv": [0, 0, 1, 6], "texture": "#0"},
				"down": {"uv": [0, 0, 1, 6], "texture": "#0"}
			}
		},
		{
			"from": [15, 0, 5],
			"to": [16, 2, 11],
			"rotation": {"angle": 0, "axis": "x", "origin": [8, 8, 13]},
			"faces": {
				"north": {"uv": [1, 0, 2, 2], "texture": "#0"},
				"east": {"uv": [6, 0, 12, 2], "texture": "#0"},
				"south": {"uv": [1, 0, 2, 2], "texture": "#0"},
				"west": {"uv": [6, 0, 12, 2], "texture": "#0"},
				"up": {"uv": [1, 0, 2, 6], "texture": "#0"},
				"down": {"uv": [1, 0, 2, 6], "texture": "#0"}
			}
		},
		{
			"from": [1, 0, 3],
			"to": [2, 2, 13],
			"rotation": {"angle": 0, "axis": "x", "origin": [9, 8, 11]},
			"faces": {
				"north": {"uv": [0, 0, 1, 2], "texture": "#0"},
				"east": {"uv": [0, 0, 10, 2], "texture": "#0"},
				"south": {"uv": [0, 0, 1, 2], "texture": "#0"},
				"west": {"uv": [0, 0, 10, 2], "texture": "#0"},
				"up": {"uv": [0, 0, 1, 10], "texture": "#0"},
				"down": {"uv": [0, 0, 1, 10], "texture": "#0"}
			}
		},
		{
			"from": [14, 0, 3],
			"to": [15, 2, 13],
			"rotation": {"angle": 0, "axis": "x", "origin": [7, 8, 11]},
			"faces": {
				"north": {"uv": [1, 0, 2, 2], "texture": "#0"},
				"east": {"uv": [6, 0, 16, 2], "texture": "#0"},
				"south": {"uv": [1, 0, 2, 2], "texture": "#0"},
				"west": {"uv": [6, 0, 16, 2], "texture": "#0"},
				"up": {"uv": [1, 0, 2, 10], "texture": "#0"},
				"down": {"uv": [1, 0, 2, 10], "texture": "#0"}
			}
		},
		{
			"from": [2, 0, 2],
			"to": [3, 2, 14],
			"rotation": {"angle": 0, "axis": "x", "origin": [10, 8, 11]},
			"faces": {
				"north": {"uv": [0, 0, 1, 2], "texture": "#0"},
				"east": {"uv": [0, 0, 12, 2], "texture": "#0"},
				"south": {"uv": [0, 0, 1, 2], "texture": "#0"},
				"west": {"uv": [0, 0, 12, 2], "texture": "#0"},
				"up": {"uv": [0, 0, 1, 12], "texture": "#0"},
				"down": {"uv": [0, 0, 1, 12], "texture": "#0"}
			}
		},
		{
			"from": [13, 0, 2],
			"to": [14, 2, 14],
			"rotation": {"angle": 0, "axis": "x", "origin": [6, 8, 11]},
			"faces": {
				"north": {"uv": [1, 0, 2, 2], "texture": "#0"},
				"east": {"uv": [4, 0, 16, 2], "texture": "#0"},
				"south": {"uv": [1, 0, 2, 2], "texture": "#0"},
				"west": {"uv": [4, 0, 16, 2], "texture": "#0"},
				"up": {"uv": [1, 0, 2, 12], "texture": "#0"},
				"down": {"uv": [1, 0, 2, 12], "texture": "#0"}
			}
		},
		{
			"from": [3, 0, 11],
			"to": [4, 2, 15],
			"rotation": {"angle": 0, "axis": "x", "origin": [11, 8, 12]},
			"faces": {
				"north": {"uv": [0, 0, 1, 2], "texture": "#0"},
				"east": {"uv": [0, 0, 4, 2], "texture": "#0"},
				"south": {"uv": [0, 0, 1, 2], "texture": "#0"},
				"west": {"uv": [0, 0, 4, 2], "texture": "#0"},
				"up": {"uv": [0, 0, 1, 4], "texture": "#0"},
				"down": {"uv": [0, 0, 1, 4], "texture": "#0"}
			}
		},
		{
			"from": [12, 0, 11],
			"to": [13, 2, 15],
			"rotation": {"angle": 0, "axis": "x", "origin": [5, 8, 12]},
			"faces": {
				"north": {"uv": [1, 0, 2, 2], "texture": "#0"},
				"east": {"uv": [4, 0, 8, 2], "texture": "#0"},
				"south": {"uv": [1, 0, 2, 2], "texture": "#0"},
				"west": {"uv": [4, 0, 8, 2], "texture": "#0"},
				"up": {"uv": [1, 0, 2, 4], "texture": "#0"},
				"down": {"uv": [1, 0, 2, 4], "texture": "#0"}
			}
		},
		{
			"from": [4, 0, 12],
			"to": [5, 2, 15],
			"rotation": {"angle": 0, "axis": "x", "origin": [12, 8, 12]},
			"faces": {
				"north": {"uv": [0, 0, 1, 2], "texture": "#0"},
				"east": {"uv": [0, 0, 3, 2], "texture": "#0"},
				"south": {"uv": [0, 0, 1, 2], "texture": "#0"},
				"west": {"uv": [0, 0, 3, 2], "texture": "#0"},
				"up": {"uv": [0, 0, 1, 3], "texture": "#0"},
				"down": {"uv": [0, 0, 1, 3], "texture": "#0"}
			}
		},
		{
			"from": [11, 0, 12],
			"to": [12, 2, 15],
			"rotation": {"angle": 0, "axis": "x", "origin": [4, 8, 12]},
			"faces": {
				"north": {"uv": [1, 0, 2, 2], "texture": "#0"},
				"east": {"uv": [3, 0, 6, 2], "texture": "#0"},
				"south": {"uv": [1, 0, 2, 2], "texture": "#0"},
				"west": {"uv": [3, 0, 6, 2], "texture": "#0"},
				"up": {"uv": [1, 0, 2, 3], "texture": "#0"},
				"down": {"uv": [1, 0, 2, 3], "texture": "#0"}
			}
		},
		{
			"from": [4, 0, 1],
			"to": [5, 2, 4],
			"rotation": {"angle": 0, "axis": "x", "origin": [12, 8, 1]},
			"faces": {
				"north": {"uv": [0, 0, 1, 2], "texture": "#0"},
				"east": {"uv": [0, 0, 3, 2], "texture": "#0"},
				"south": {"uv": [0, 0, 1, 2], "texture": "#0"},
				"west": {"uv": [0, 0, 3, 2], "texture": "#0"},
				"up": {"uv": [0, 0, 1, 3], "texture": "#0"},
				"down": {"uv": [0, 0, 1, 3], "texture": "#0"}
			}
		},
		{
			"from": [11, 0, 1],
			"to": [12, 2, 4],
			"rotation": {"angle": 0, "axis": "x", "origin": [4, 8, 1]},
			"faces": {
				"north": {"uv": [1, 0, 2, 2], "texture": "#0"},
				"east": {"uv": [3, 0, 6, 2], "texture": "#0"},
				"south": {"uv": [1, 0, 2, 2], "texture": "#0"},
				"west": {"uv": [3, 0, 6, 2], "texture": "#0"},
				"up": {"uv": [1, 0, 2, 3], "texture": "#0"},
				"down": {"uv": [1, 0, 2, 3], "texture": "#0"}
			}
		},
		{
			"from": [5, 0, 0],
			"to": [11, 2, 3],
			"rotation": {"angle": 0, "axis": "x", "origin": [13, 8, 0]},
			"faces": {
				"north": {"uv": [0, 0, 6, 2], "texture": "#0"},
				"east": {"uv": [0, 0, 3, 2], "texture": "#0"},
				"south": {"uv": [0, 0, 6, 2], "texture": "#0"},
				"west": {"uv": [0, 0, 3, 2], "texture": "#0"},
				"up": {"uv": [0, 0, 6, 3], "texture": "#0"},
				"down": {"uv": [0, 0, 6, 3], "texture": "#0"}
			}
		},
		{
			"from": [5, 0, 13],
			"to": [11, 2, 16],
			"rotation": {"angle": 0, "axis": "x", "origin": [13, 8, 13]},
			"faces": {
				"north": {"uv": [0, 0, 6, 2], "texture": "#0"},
				"east": {"uv": [0, 0, 3, 2], "texture": "#0"},
				"south": {"uv": [0, 0, 6, 2], "texture": "#0"},
				"west": {"uv": [0, 0, 3, 2], "texture": "#0"},
				"up": {"uv": [0, 0, 6, 3], "texture": "#0"},
				"down": {"uv": [0, 0, 6, 3], "texture": "#0"}
			}
		},
		{
			"from": [3, 0, 1],
			"to": [4, 2, 5],
			"rotation": {"angle": 0, "axis": "x", "origin": [11, 8, 2]},
			"faces": {
				"north": {"uv": [0, 0, 1, 2], "texture": "#0"},
				"east": {"uv": [0, 0, 4, 2], "texture": "#0"},
				"south": {"uv": [0, 0, 1, 2], "texture": "#0"},
				"west": {"uv": [0, 0, 4, 2], "texture": "#0"},
				"up": {"uv": [0, 0, 1, 4], "texture": "#0"},
				"down": {"uv": [0, 0, 1, 4], "texture": "#0"}
			}
		},
		{
			"from": [3, 0.5, 5],
			"to": [13, 1.5, 11],
			"rotation": {"angle": 0, "axis": "y", "origin": [11, 8.5, 18]},
			"faces": {
				"north": {"uv": [0, 0, 10, 1], "texture": "#1"},
				"east": {"uv": [0, 0, 6, 1], "texture": "#1"},
				"south": {"uv": [0, 0, 10, 1], "texture": "#1"},
				"west": {"uv": [0, 0, 6, 1], "texture": "#1"},
				"up": {"uv": [0, 0, 10, 6], "texture": "#1"},
				"down": {"uv": [0, 0, 10, 6], "texture": "#1"}
			}
		},
		{
			"from": [4, 0.5, 11],
			"to": [12, 1.5, 12],
			"rotation": {"angle": 0, "axis": "y", "origin": [11, 8.5, 24]},
			"faces": {
				"north": {"uv": [0, 0, 8, 1], "texture": "#1"},
				"east": {"uv": [0, 0, 1, 1], "texture": "#1"},
				"south": {"uv": [0, 0, 8, 1], "texture": "#1"},
				"west": {"uv": [0, 0, 1, 1], "texture": "#1"},
				"up": {"uv": [0, 0, 8, 1], "texture": "#1"},
				"down": {"uv": [0, 0, 8, 1], "texture": "#1"}
			}
		},
		{
			"from": [4, 0.5, 4],
			"to": [12, 1.5, 5],
			"rotation": {"angle": 0, "axis": "y", "origin": [11, 8.5, -8]},
			"faces": {
				"north": {"uv": [8, 0, 16, 1], "texture": "#1"},
				"east": {"uv": [1, 0, 2, 1], "texture": "#1"},
				"south": {"uv": [8, 0, 16, 1], "texture": "#1"},
				"west": {"uv": [1, 0, 2, 1], "texture": "#1"},
				"up": {"uv": [0, 1, 8, 2], "texture": "#1"},
				"down": {"uv": [0, 1, 8, 2], "texture": "#1"}
			}
		},
		{
			"from": [5, 0.5, 12],
			"to": [11, 1.5, 13],
			"rotation": {"angle": 0, "axis": "y", "origin": [11, 8.5, 25]},
			"faces": {
				"north": {"uv": [0, 0, 6, 1], "texture": "#1"},
				"east": {"uv": [0, 0, 1, 1], "texture": "#1"},
				"south": {"uv": [0, 0, 6, 1], "texture": "#1"},
				"west": {"uv": [0, 0, 1, 1], "texture": "#1"},
				"up": {"uv": [0, 0, 6, 1], "texture": "#1"},
				"down": {"uv": [0, 0, 6, 1], "texture": "#1"}
			}
		},
		{
			"from": [5, 0.5, 3],
			"to": [11, 1.5, 4],
			"rotation": {"angle": 0, "axis": "y", "origin": [11, 8.5, -9]},
			"faces": {
				"north": {"uv": [6, 0, 12, 1], "texture": "#1"},
				"east": {"uv": [1, 0, 2, 1], "texture": "#1"},
				"south": {"uv": [6, 0, 12, 1], "texture": "#1"},
				"west": {"uv": [1, 0, 2, 1], "texture": "#1"},
				"up": {"uv": [0, 1, 6, 2], "texture": "#1"},
				"down": {"uv": [0, 1, 6, 2], "texture": "#1"}
			}
		}
	],
	"display": {
		"thirdperson_righthand": {
			"rotation": [0, 0, 90],
			"translation": [-5, 4, 0],
			"scale": [0.7, 0.7, 0.7]
		},
		"thirdperson_lefthand": {
			"rotation": [0, 0, 90],
			"translation": [-5, 4, 0],
			"scale": [0.7, 0.7, 0.7]
		},
		"firstperson_righthand": {
			"rotation": [12, 8, 92],
			"translation": [-1, 1.75, -0.25],
			"scale": [0.8, 0.8, 0.8]
		},
		"firstperson_lefthand": {
			"rotation": [15, 4, 90],
			"translation": [-0.75, 1.5, -1],
			"scale": [0.8, 0.8, 0.8]
		},
		"ground": {
			"rotation": [0, 0, 92],
			"translation": [-5.75, 6.5, 0.25],
			"scale": [0.73, 0.75, 0.75]
		},
		"gui": {
			"rotation": [90, 0, 0],
			"scale": [0.85, 0.85, 0.85]
		},
		"fixed": {
			"rotation": [0, 90, 90],
			"translation": [0, 0, 6.5]
		}
	},
	"groups": [
		{
			"name": "frame",
			"origin": [11, 8, 2],
			"children": [0, 1, 2, 3, 4, 5, 6, 7, 8, 9, 10, 11, 12, 13, 14, 15]
		},
		{
			"name": "portal",
			"origin": [11, 8, -9],
			"children": [16, 17, 18, 19, 20]
		}
	]
}