{
	"credit": "Made with Blockbench",
	"textures": {
		"0": "block/cactus_bottom",
		"1": "block/cactus_flower",
		"2": "block/cactus_top",
		"3": "block/cactus_side",
		"particle": "block/cactus_bottom"
	},
	"elements": [
		{
			"from": [2.5, 0, 2.5],
			"to": [13.5, 16, 13.5],
			"faces": {
				"north": {"uv": [2.5, 0, 13.5, 16], "texture": "#3"},
				"east": {"uv": [2.5, 0, 13.5, 16], "texture": "#3"},
				"south": {"uv": [2.5, 0, 13.5, 16], "texture": "#3"},
				"west": {"uv": [2.5, 0, 13.5, 16], "texture": "#3"},
				"up": {"uv": [2.5, 2.5, 13.5, 13.5], "texture": "#2"},
				"down": {"uv": [2.5, 2.5, 13.5, 13.5], "texture": "#0"}
			}
		},
		{
			"from": [-1.5, 6.25, 6],
			"to": [4.5, 9.25, 10],
			"faces": {
				"north": {"uv": [12, 6, 6, 9], "texture": "#3"},
				"east": {"uv": [10, 6, 6, 9], "texture": "#3"},
				"south": {"uv": [12, 6, 6, 9], "texture": "#3"},
				"west": {"uv": [10, 6, 6, 9], "texture": "#3"},
				"up": {"uv": [6, 12, 10, 6], "rotation": 90, "texture": "#2"},
				"down": {"uv": [6, 12, 10, 6], "rotation": 270, "texture": "#2"}
			}
		},
		{
			"from": [-6.5, 6, 5.5],
			"to": [-1.5, 17, 10.5],
			"faces": {
				"north": {"uv": [10.5, 4, 5.5, 15], "texture": "#3"},
				"east": {"uv": [10.5, 4, 5.5, 15], "texture": "#3"},
				"south": {"uv": [10.5, 4, 5.5, 15], "texture": "#3"},
				"west": {"uv": [10.5, 4, 5.5, 15], "texture": "#3"},
				"up": {"uv": [10.5, 4, 5.5, 9], "texture": "#3"},
				"down": {"uv": [10.5, 4, 5.5, 9], "texture": "#3"}
			}
		},
		{
			"from": [-1.5, 9, 4.5],
			"to": [-1.5, 18, 5.5],
			"faces": {
				"north": {"uv": [0, 0, 0, 9], "texture": "#3"},
				"east": {"uv": [1, 0, 0, 9], "texture": "#3"},
				"south": {"uv": [0, 0, 0, 9], "texture": "#3"},
				"west": {"uv": [1, 0, 0, 9], "texture": "#3"},
				"up": {"uv": [0, 0, 1, 0], "rotation": 90, "texture": "#3"},
				"down": {"uv": [0, 0, 1, 0], "rotation": 270, "texture": "#3"}
			}
		},
		{
			"from": [-1.5, 9, 5.5],
			"to": [-0.5, 18, 5.5],
			"faces": {
				"north": {"uv": [1, 0, 0, 9], "texture": "#3"},
				"east": {"uv": [0, 0, 0, 9], "texture": "#3"},
				"south": {"uv": [1, 0, 0, 9], "texture": "#3"},
				"west": {"uv": [0, 0, 0, 9], "texture": "#3"},
				"up": {"uv": [0, 1, 0, 0], "rotation": 90, "texture": "#3"},
				"down": {"uv": [0, 1, 0, 0], "rotation": 270, "texture": "#3"}
			}
		},
		{
			"from": [-7.5, 8, 10.5],
			"to": [-6.5, 17, 10.5],
			"faces": {
				"north": {"uv": [1, 0, 0, 9], "texture": "#3"},
				"east": {"uv": [0, 0, 0, 9], "texture": "#3"},
				"south": {"uv": [1, 0, 0, 9], "texture": "#3"},
				"west": {"uv": [0, 0, 0, 9], "texture": "#3"},
				"up": {"uv": [0, 1, 0, 0], "rotation": 90, "texture": "#3"},
				"down": {"uv": [0, 1, 0, 0], "rotation": 270, "texture": "#3"}
			}
		},
		{
			"from": [-6.5, 8, 10.5],
			"to": [-6.5, 17, 11.5],
			"faces": {
				"north": {"uv": [0, 0, 0, 9], "texture": "#3"},
				"east": {"uv": [1, 0, 0, 9], "texture": "#3"},
				"south": {"uv": [0, 0, 0, 9], "texture": "#3"},
				"west": {"uv": [1, 0, 0, 9], "texture": "#3"},
				"up": {"uv": [0, 0, 1, 0], "rotation": 90, "texture": "#3"},
				"down": {"uv": [0, 0, 1, 0], "rotation": 270, "texture": "#3"}
			}
		},
		{
			"from": [13.5, 0, 2.5],
			"to": [14.5, 16, 2.5],
			"faces": {
				"north": {"uv": [0, 0, 1, 16], "texture": "#3"},
				"east": {"uv": [0, 0, 1, 16], "texture": "#3"},
				"south": {"uv": [0, 0, 1, 16], "texture": "#3"},
				"west": {"uv": [0, 0, 1, 16], "texture": "#3"},
				"up": {"uv": [0, 0, 1, 16], "texture": "#3"},
				"down": {"uv": [0, 0, 1, 16], "texture": "#3"}
			}
		},
		{
			"from": [1.5, 0, 2.5],
			"to": [2.5, 16, 2.5],
			"rotation": {"angle": 0, "axis": "y", "origin": [-4, 8, 8]},
			"faces": {
				"north": {"uv": [0, 0, 1, 16], "texture": "#3"},
				"east": {"uv": [0, 0, 1, 16], "texture": "#3"},
				"south": {"uv": [0, 0, 1, 16], "texture": "#3"},
				"west": {"uv": [0, 0, 1, 16], "texture": "#3"},
				"up": {"uv": [0, 0, 1, 16], "texture": "#3"},
				"down": {"uv": [0, 0, 1, 16], "texture": "#3"}
			}
		},
		{
			"from": [1.5, 0, 13.5],
			"to": [2.5, 16, 13.5],
			"rotation": {"angle": 0, "axis": "y", "origin": [-4, 8, 19]},
			"faces": {
				"north": {"uv": [0, 0, 1, 16], "texture": "#3"},
				"east": {"uv": [0, 0, 1, 16], "texture": "#3"},
				"south": {"uv": [0, 0, 1, 16], "texture": "#3"},
				"west": {"uv": [0, 0, 1, 16], "texture": "#3"},
				"up": {"uv": [0, 0, 1, 16], "texture": "#3"},
				"down": {"uv": [0, 0, 1, 16], "texture": "#3"}
			}
		},
		{
			"from": [13.5, 0, 13.5],
			"to": [14.5, 16, 13.5],
			"rotation": {"angle": 0, "axis": "y", "origin": [8, 8, 19]},
			"faces": {
				"north": {"uv": [0, 0, 1, 16], "texture": "#3"},
				"east": {"uv": [0, 0, 1, 16], "texture": "#3"},
				"south": {"uv": [0, 0, 1, 16], "texture": "#3"},
				"west": {"uv": [0, 0, 1, 16], "texture": "#3"},
				"up": {"uv": [0, 0, 1, 16], "texture": "#3"},
				"down": {"uv": [0, 0, 1, 16], "texture": "#3"}
			}
		},
		{
			"from": [13.5, 0, 1.5],
			"to": [13.5, 16, 2.5],
			"rotation": {"angle": 0, "axis": "y", "origin": [7, 8, 7]},
			"faces": {
				"north": {"uv": [0, 0, 1, 16], "texture": "#3"},
				"east": {"uv": [0, 0, 1, 16], "texture": "#3"},
				"south": {"uv": [0, 0, 1, 16], "texture": "#3"},
				"west": {"uv": [0, 0, 1, 16], "texture": "#3"},
				"up": {"uv": [0, 0, 1, 16], "texture": "#3"},
				"down": {"uv": [0, 0, 1, 16], "texture": "#3"}
			}
		},
		{
			"from": [2.5, 0, 1.5],
			"to": [2.5, 16, 2.5],
			"rotation": {"angle": 0, "axis": "y", "origin": [-4, 8, 7]},
			"faces": {
				"north": {"uv": [0, 0, 1, 16], "texture": "#3"},
				"east": {"uv": [0, 0, 1, 16], "texture": "#3"},
				"south": {"uv": [0, 0, 1, 16], "texture": "#3"},
				"west": {"uv": [0, 0, 1, 16], "texture": "#3"},
				"up": {"uv": [0, 0, 1, 16], "texture": "#3"},
				"down": {"uv": [0, 0, 1, 16], "texture": "#3"}
			}
		},
		{
			"from": [2.5, 0, 13.5],
			"to": [2.5, 16, 14.5],
			"rotation": {"angle": 0, "axis": "y", "origin": [-4, 8, 19]},
			"faces": {
				"north": {"uv": [0, 0, 1, 16], "texture": "#3"},
				"east": {"uv": [0, 0, 1, 16], "texture": "#3"},
				"south": {"uv": [0, 0, 1, 16], "texture": "#3"},
				"west": {"uv": [0, 0, 1, 16], "texture": "#3"},
				"up": {"uv": [0, 0, 1, 16], "texture": "#3"},
				"down": {"uv": [0, 0, 1, 16], "texture": "#3"}
			}
		},
		{
			"from": [13.5, 0, 13.5],
			"to": [13.5, 16, 14.5],
			"rotation": {"angle": 0, "axis": "y", "origin": [7, 8, 19]},
			"faces": {
				"north": {"uv": [0, 0, 1, 16], "texture": "#3"},
				"east": {"uv": [0, 0, 1, 16], "texture": "#3"},
				"south": {"uv": [0, 0, 1, 16], "texture": "#3"},
				"west": {"uv": [0, 0, 1, 16], "texture": "#3"},
				"up": {"uv": [0, 0, 1, 16], "texture": "#3"},
				"down": {"uv": [0, 0, 1, 16], "texture": "#3"}
			}
		},
		{
			"from": [6.5, 16, 6.5],
			"to": [9.5, 16.5, 9.5],
			"rotation": {"angle": 0, "axis": "y", "origin": [8, 16.25, 8]},
			"faces": {
				"north": {"uv": [0, 0, 3, 0.5], "texture": "#1"},
				"east": {"uv": [0, 0, 3, 0.5], "texture": "#1"},
				"south": {"uv": [0, 0, 3, 0.5], "texture": "#1"},
				"west": {"uv": [0, 0, 3, 0.5], "texture": "#1"},
				"up": {"uv": [0, 0, 3, 3], "texture": "#1"},
				"down": {"uv": [0, 0, 3, 3], "texture": "#1"}
			}
		},
		{
			"from": [1.1, 14.75, 6],
			"to": [6.1, 14.75, 10],
			"rotation": {"angle": -45, "axis": "z", "origin": [7.6, 14.5, 8]},
			"faces": {
				"north": {"uv": [0, 5, 4, 12], "rotation": 90, "texture": "#1"},
				"east": {"uv": [0, 5, 4, 12], "rotation": 90, "texture": "#1"},
				"south": {"uv": [0, 5, 4, 12], "rotation": 90, "texture": "#1"},
				"west": {"uv": [0, 5, 4, 12], "rotation": 90, "texture": "#1"},
				"up": {"uv": [0, 5, 4, 10], "rotation": 90, "texture": "#1"},
				"down": {"uv": [0, 5, 4, 10], "rotation": 90, "texture": "#1"}
			}
		},
		{
			"from": [6, 14.75, 1.1],
			"to": [10, 14.75, 6.1],
			"rotation": {"angle": 45, "axis": "x", "origin": [8, 14.5, 7.6]},
			"faces": {
				"north": {"uv": [0, 5, 4, 12], "rotation": 90, "texture": "#1"},
				"east": {"uv": [0, 5, 4, 12], "rotation": 90, "texture": "#1"},
				"south": {"uv": [0, 5, 4, 12], "rotation": 90, "texture": "#1"},
				"west": {"uv": [0, 5, 4, 12], "rotation": 90, "texture": "#1"},
				"up": {"uv": [0, 5, 4, 10], "rotation": 180, "texture": "#1"},
				"down": {"uv": [0, 5, 4, 10], "texture": "#1"}
			}
		},
		{
			"from": [9.9, 14.75, 6],
			"to": [14.9, 14.75, 10],
			"rotation": {"angle": 45, "axis": "z", "origin": [8.4, 14.5, 8]},
			"faces": {
				"north": {"uv": [0, 5, 4, 12], "rotation": 90, "texture": "#1"},
				"east": {"uv": [0, 5, 4, 12], "rotation": 90, "texture": "#1"},
				"south": {"uv": [0, 5, 4, 12], "rotation": 90, "texture": "#1"},
				"west": {"uv": [0, 5, 4, 12], "rotation": 90, "texture": "#1"},
				"up": {"uv": [0, 5, 4, 10], "rotation": 270, "texture": "#1"},
				"down": {"uv": [0, 5, 4, 10], "rotation": 270, "texture": "#1"}
			}
		},
		{
			"from": [6, 14.75, 9.9],
			"to": [10, 14.75, 14.9],
			"rotation": {"angle": -45, "axis": "x", "origin": [8, 14.5, 8.4]},
			"faces": {
				"north": {"uv": [0, 5, 4, 12], "rotation": 90, "texture": "#1"},
				"east": {"uv": [0, 5, 4, 12], "rotation": 90, "texture": "#1"},
				"south": {"uv": [0, 5, 4, 12], "rotation": 90, "texture": "#1"},
				"west": {"uv": [0, 5, 4, 12], "rotation": 90, "texture": "#1"},
				"up": {"uv": [0, 5, 4, 10], "texture": "#1"},
				"down": {"uv": [0, 5, 4, 10], "rotation": 180, "texture": "#1"}
			}
		}
	],
	"display": {
		"thirdperson_righthand": {
			"rotation": [75, 45, 0],
			"translation": [0, 2.5, 0],
			"scale": [0.375, 0.375, 0.375]
		},
		"thirdperson_lefthand": {
			"rotation": [75, 45, 0],
			"translation": [0, 2.5, 0],
			"scale": [0.375, 0.375, 0.375]
		},
		"firstperson_righthand": {
			"rotation": [0, 45, 0],
			"scale": [0.4, 0.4, 0.4]
		},
		"firstperson_lefthand": {
			"rotation": [0, 225, 0],
			"scale": [0.4, 0.4, 0.4]
		},
		"ground": {
			"translation": [0, 3, 0],
			"scale": [0.25, 0.25, 0.25]
		},
		"gui": {
			"rotation": [30, 225, 0],
			"scale": [0.625, 0.625, 0.625]
		},
		"fixed": {
			"scale": [0.5, 0.5, 0.5]
		}
	},
	"groups": [
		{
			"name": "cactus",
			"origin": [7, 8, 19],
			"children": [0,
				{
					"name": "growth",
					"origin": [8, 8, 8],
					"children": [1, 2, 3, 4, 5, 6]
				}, 7, 8, 9, 10, 11, 12, 13, 14,
				{
					"name": "flower",
					"origin": [7, 8, 19],
					"children": [15, 16, 17, 18, 19]
				}
			]
		}
	]
}