{
    "parent": "item/handheld_rod",
    "textures": {
     "layer0": "item/carrot_on_a_stick"
    },
   
    "overrides": [
     { "predicate": {"custom_model_data": 90101}, "model": "mythos/lightning_bolt"},
     { "predicate": {"custom_model_data": 90102}, "model": "mythos/levitation_staff"},
     { "predicate": {"custom_model_data": 90301}, "model": "mythos/undead_staff"},
     { "predicate": {"custom_model_data": 90302}, "model": "mythos/shadow_warp"},
     { "predicate": {"custom_model_data": 90401}, "model": "mythos/lyre"},
     { "predicate": {"custom_model_data": 90501}, "model": "mythos/staff_of_regrowth"},
     { "predicate": {"custom_model_data": 90701}, "model": "mythos/athena_staff"},
     { "predicate": {"custom_model_data": 90801}, "model": "mythos/pack_caller"},
     { "predicate": {"custom_model_data": 90901}, "model": "mythos/staff_of_lust"},
     { "predicate": {"custom_model_data": 91001}, "model": "mythos/thrysus"},
     { "predicate": {"custom_model_data": 91002}, "model": "mythos/book_of_orphism"}
   
    ]
   
    
   }