{
	"credit": "Made with Blockbench",
	"textures": {
		"0": "block/anvil",
		"1": "block/anvil_top",
		"2": "entity/lead_knot",
		"particle": "block/anvil"
	},
	"elements": [
		{
			"from": [2, 0, 2],
			"to": [14, 5, 14],
			"rotation": {"angle": 0, "axis": "y", "origin": [5, 8, 9]},
			"faces": {
				"north": {"uv": [0, 0, 12, 5], "texture": "#0"},
				"east": {"uv": [0, 0, 12, 5], "texture": "#0"},
				"south": {"uv": [0, 0, 12, 5], "texture": "#0"},
				"west": {"uv": [0, 0, 12, 5], "texture": "#0"},
				"up": {"uv": [0, 0, 12, 12], "texture": "#0"},
				"down": {"uv": [0, 0, 12, 12], "texture": "#0"}
			}
		},
		{
			"from": [4, 5, 4],
			"to": [12, 8, 12],
			"rotation": {"angle": 0, "axis": "y", "origin": [5, 12, 9]},
			"faces": {
				"north": {"uv": [0, 3, 8, 6], "texture": "#2"},
				"east": {"uv": [0, 3, 8, 6], "texture": "#2"},
				"south": {"uv": [0, 3, 8, 6], "texture": "#2"},
				"west": {"uv": [0, 3, 8, 6], "texture": "#2"}
			}
		},
		{
			"from": [-4, 8, 0],
			"to": [20, 18, 16],
			"rotation": {"angle": 0, "axis": "y", "origin": [5, 18, 9]},
			"faces": {
				"north": {"uv": [3, 0, 13, 16], "rotation": 90, "texture": "#1"},
				"east": {"uv": [0, 0, 16, 8], "texture": "#0"},
				"south": {"uv": [3, 0, 13, 16], "rotation": 90, "texture": "#1"},
				"west": {"uv": [0, 0, 16, 10], "texture": "#0"},
				"up": {"uv": [0, 0, 16, 11], "texture": "#0"},
				"down": {"uv": [0, 0, 16, 11], "texture": "#0"}
			}
		}
	],
	"display": {
		"thirdperson_righthand": {
			"rotation": [75, 45, 0],
			"translation": [0, 2.5, 0],
			"scale": [0.375, 0.375, 0.375]
		},
		"thirdperson_lefthand": {
			"rotation": [75, 45, 0],
			"translation": [0, 2.5, 0],
			"scale": [0.375, 0.375, 0.375]
		},
		"firstperson_righthand": {
			"rotation": [0, 45, 0],
			"scale": [0.4, 0.4, 0.4]
		},
		"firstperson_lefthand": {
			"rotation": [0, 225, 0],
			"scale": [0.4, 0.4, 0.4]
		},
		"ground": {
			"translation": [0, 3, 0],
			"scale": [0.25, 0.25, 0.25]
		},
		"gui": {
			"rotation": [30, 225, 0],
			"scale": [0.625, 0.625, 0.625]
		},
		"fixed": {
			"rotation": [90, 0, 0],
			"translation": [0, 0, -29],
			"scale": [3, 3, 3]
		}
	}
}